{
    "counter": {
        "ACTIVE": 4334,
        "INACTIVE": 64,
        "INVALID": 2,
        "MALICIOUS": 0,
        "SANE": 0,
        "VALID": 0,
        "total": 4400
    },
    "percentage": {
        "ACTIVE": 98.5,
        "INACTIVE": 1.4545454545454546,
        "INVALID": 0.045454545454545456,
        "MALICIOUS": 0.0,
        "SANE": 0.0,
        "VALID": 0.0,
        "total": 100.0
    }
}