{
    "counter": {
        "ACTIVE": 3234,
        "INACTIVE": 56,
        "INVALID": 2,
        "MALICIOUS": 0,
        "SANE": 0,
        "VALID": 0,
        "total": 3292
    },
    "percentage": {
        "ACTIVE": 98.23815309842041,
        "INACTIVE": 1.701093560145808,
        "INVALID": 0.060753341433778855,
        "MALICIOUS": 0.0,
        "SANE": 0.0,
        "VALID": 0.0,
        "total": 100.0
    }
}