{
    "counter": {
        "ACTIVE": 15162,
        "INACTIVE": 323,
        "INVALID": 0,
        "MALICIOUS": 0,
        "SANE": 0,
        "VALID": 0,
        "total": 15485
    },
    "percentage": {
        "ACTIVE": 97.91411042944786,
        "INACTIVE": 2.127239199157007,
        "INVALID": 0,
        "MALICIOUS": 0,
        "SANE": 0,
        "VALID": 0,
        "total": 100.04134962860486
    }
}