{
    "counter": {
        "ACTIVE": 4012,
        "INACTIVE": 59,
        "INVALID": 2,
        "MALICIOUS": 0,
        "SANE": 0,
        "VALID": 0,
        "total": 4073
    },
    "percentage": {
        "ACTIVE": 98.502332433096,
        "INACTIVE": 1.4485637122514117,
        "INVALID": 0.04910385465259023,
        "MALICIOUS": 0.0,
        "SANE": 0.0,
        "VALID": 0.0,
        "total": 100.0
    }
}