{
    "counter": {
        "ACTIVE": 3974,
        "INACTIVE": 59,
        "INVALID": 2,
        "MALICIOUS": 0,
        "SANE": 0,
        "VALID": 0,
        "total": 4035
    },
    "percentage": {
        "ACTIVE": 98.48822800495662,
        "INACTIVE": 1.4622057001239157,
        "INVALID": 0.04956629491945477,
        "MALICIOUS": 0.0,
        "SANE": 0.0,
        "VALID": 0.0,
        "total": 100.0
    }
}