{
    "counter": {
        "ACTIVE": 15112,
        "INACTIVE": 319,
        "INVALID": 0,
        "MALICIOUS": 0,
        "SANE": 0,
        "VALID": 0,
        "total": 15431
    },
    "percentage": {
        "ACTIVE": 97.93273281057611,
        "INACTIVE": 2.0773638968481376,
        "INVALID": 0,
        "MALICIOUS": 0,
        "SANE": 0,
        "VALID": 0,
        "total": 100.01009670742425
    }
}