{
    "counter": {
        "ACTIVE": 1799,
        "INACTIVE": 19,
        "INVALID": 0,
        "MALICIOUS": 0,
        "SANE": 0,
        "VALID": 0,
        "total": 1818
    },
    "percentage": {
        "ACTIVE": 98.95489548954896,
        "INACTIVE": 1.0620458356623812,
        "INVALID": 0,
        "MALICIOUS": 0,
        "SANE": 0,
        "VALID": 0,
        "total": 100.01694132521133
    }
}