{
    "counter": {
        "ACTIVE": 3649,
        "INACTIVE": 59,
        "INVALID": 2,
        "MALICIOUS": 0,
        "SANE": 0,
        "VALID": 0,
        "total": 3710
    },
    "percentage": {
        "ACTIVE": 98.35579514824798,
        "INACTIVE": 1.6151108677799069,
        "INVALID": 0.054914881933003847,
        "MALICIOUS": 0.0,
        "SANE": 0.0,
        "VALID": 0.0,
        "total": 100.02582089796088
    }
}