{
    "counter": {
        "ACTIVE": 2592,
        "INACTIVE": 51,
        "INVALID": 1,
        "MALICIOUS": 0,
        "SANE": 0,
        "VALID": 0,
        "total": 2644
    },
    "percentage": {
        "ACTIVE": 98.03328290468987,
        "INACTIVE": 2.075702075702076,
        "INVALID": 0.05512679162072767,
        "MALICIOUS": 0,
        "SANE": 0,
        "VALID": 0,
        "total": 100.16411177201267
    }
}