{
    "counter": {
        "ACTIVE": 4047,
        "INACTIVE": 59,
        "INVALID": 2,
        "MALICIOUS": 0,
        "SANE": 0,
        "VALID": 0,
        "total": 4108
    },
    "percentage": {
        "ACTIVE": 98.51509250243427,
        "INACTIVE": 1.436222005842259,
        "INVALID": 0.04868549172346641,
        "MALICIOUS": 0.0,
        "SANE": 0.0,
        "VALID": 0.0,
        "total": 99.99999999999999
    }
}