{
    "counter": {
        "ACTIVE": 2998,
        "INACTIVE": 56,
        "INVALID": 2,
        "MALICIOUS": 0,
        "SANE": 0,
        "VALID": 0,
        "total": 3056
    },
    "percentage": {
        "ACTIVE": 98.1020942408377,
        "INACTIVE": 1.8378733180177222,
        "INVALID": 0.0655307994757536,
        "MALICIOUS": 0,
        "SANE": 0,
        "VALID": 0,
        "total": 100.00549835833118
    }
}