{
    "counter": {
        "ACTIVE": 15133,
        "INACTIVE": 319,
        "INVALID": 0,
        "MALICIOUS": 0,
        "SANE": 0,
        "VALID": 0,
        "total": 15452
    },
    "percentage": {
        "ACTIVE": 97.93554232461817,
        "INACTIVE": 2.0773638968481376,
        "INVALID": 0,
        "MALICIOUS": 0,
        "SANE": 0,
        "VALID": 0,
        "total": 100.01290622146631
    }
}