{
    "counter": {
        "ACTIVE": 4676,
        "INACTIVE": 83,
        "INVALID": 2,
        "MALICIOUS": 0,
        "SANE": 0,
        "VALID": 0,
        "total": 4761
    },
    "percentage": {
        "ACTIVE": 98.21466078554926,
        "INACTIVE": 1.7433312329342574,
        "INVALID": 0.04200798151648813,
        "MALICIOUS": 0.0,
        "SANE": 0.0,
        "VALID": 0.0,
        "total": 100.0
    }
}