{
    "counter": {
        "ACTIVE": 2480,
        "INACTIVE": 51,
        "INVALID": 1,
        "MALICIOUS": 0,
        "SANE": 0,
        "VALID": 0,
        "total": 2532
    },
    "percentage": {
        "ACTIVE": 97.94628751974723,
        "INACTIVE": 2.075702075702076,
        "INVALID": 0.05512679162072767,
        "MALICIOUS": 0,
        "SANE": 0,
        "VALID": 0,
        "total": 100.07711638707003
    }
}