{
    "counter": {
        "ACTIVE": 2034,
        "INACTIVE": 30,
        "INVALID": 1,
        "MALICIOUS": 0,
        "SANE": 0,
        "VALID": 0,
        "total": 2065
    },
    "percentage": {
        "ACTIVE": 98.49878934624698,
        "INACTIVE": 1.4605647517039921,
        "INVALID": 0.05512679162072767,
        "MALICIOUS": 0,
        "SANE": 0,
        "VALID": 0,
        "total": 100.0144808895717
    }
}