{
    "counter": {
        "ACTIVE": 4342,
        "INACTIVE": 65,
        "INVALID": 2,
        "MALICIOUS": 0,
        "SANE": 0,
        "VALID": 0,
        "total": 4409
    },
    "percentage": {
        "ACTIVE": 98.4803810387843,
        "INACTIVE": 1.4742572011794057,
        "INVALID": 0.04536176003628941,
        "MALICIOUS": 0.0,
        "SANE": 0.0,
        "VALID": 0.0,
        "total": 100.0
    }
}