{
    "counter": {
        "ACTIVE": 14631,
        "INACTIVE": 310,
        "INVALID": 0,
        "MALICIOUS": 0,
        "SANE": 0,
        "VALID": 0,
        "total": 14941
    },
    "percentage": {
        "ACTIVE": 97.92517234455525,
        "INACTIVE": 2.0764954116149776,
        "INVALID": 0,
        "MALICIOUS": 0,
        "SANE": 0,
        "VALID": 0,
        "total": 100.00166775617022
    }
}