{
    "counter": {
        "ACTIVE": 4654,
        "INACTIVE": 82,
        "INVALID": 2,
        "MALICIOUS": 0,
        "SANE": 0,
        "VALID": 0,
        "total": 4738
    },
    "percentage": {
        "ACTIVE": 98.2271000422119,
        "INACTIVE": 1.7306880540312368,
        "INVALID": 0.04221190375685943,
        "MALICIOUS": 0.0,
        "SANE": 0.0,
        "VALID": 0.0,
        "total": 100.0
    }
}