{
    "counter": {
        "ACTIVE": 3996,
        "INACTIVE": 59,
        "INVALID": 2,
        "MALICIOUS": 0,
        "SANE": 0,
        "VALID": 0,
        "total": 4057
    },
    "percentage": {
        "ACTIVE": 98.49642593049052,
        "INACTIVE": 1.4542765590337687,
        "INVALID": 0.04929751047572098,
        "MALICIOUS": 0.0,
        "SANE": 0.0,
        "VALID": 0.0,
        "total": 100.00000000000001
    }
}