{
    "counter": {
        "ACTIVE": 1788,
        "INACTIVE": 25,
        "INVALID": 0,
        "MALICIOUS": 0,
        "SANE": 0,
        "VALID": 0,
        "total": 1813
    },
    "percentage": {
        "ACTIVE": 98.67549668874172,
        "INACTIVE": 1.3789299503585217,
        "INVALID": 0,
        "MALICIOUS": 0,
        "SANE": 0,
        "VALID": 0,
        "total": 100.05442663910024
    }
}