{
    "counter": {
        "ACTIVE": 3924,
        "INACTIVE": 59,
        "INVALID": 2,
        "MALICIOUS": 0,
        "SANE": 0,
        "VALID": 0,
        "total": 3985
    },
    "percentage": {
        "ACTIVE": 98.46925972396487,
        "INACTIVE": 1.480552070263488,
        "INVALID": 0.050188205771643665,
        "MALICIOUS": 0.0,
        "SANE": 0.0,
        "VALID": 0.0,
        "total": 100.0
    }
}