{
    "counter": {
        "ACTIVE": 4261,
        "INACTIVE": 63,
        "INVALID": 2,
        "MALICIOUS": 0,
        "SANE": 0,
        "VALID": 0,
        "total": 4326
    },
    "percentage": {
        "ACTIVE": 98.4974572353213,
        "INACTIVE": 1.4563106796116505,
        "INVALID": 0.04623208506703652,
        "MALICIOUS": 0.0,
        "SANE": 0.0,
        "VALID": 0.0,
        "total": 99.99999999999999
    }
}