{
    "counter": {
        "ACTIVE": 2899,
        "INACTIVE": 54,
        "INVALID": 1,
        "MALICIOUS": 0,
        "SANE": 0,
        "VALID": 0,
        "total": 2954
    },
    "percentage": {
        "ACTIVE": 98.13811780636425,
        "INACTIVE": 1.924447612259444,
        "INVALID": 0.05512679162072767,
        "MALICIOUS": 0,
        "SANE": 0,
        "VALID": 0,
        "total": 100.11769221024441
    }
}