{
    "counter": {
        "ACTIVE": 4137,
        "INACTIVE": 60,
        "INVALID": 2,
        "MALICIOUS": 0,
        "SANE": 0,
        "VALID": 0,
        "total": 4199
    },
    "percentage": {
        "ACTIVE": 98.52345796618242,
        "INACTIVE": 1.4289116456299118,
        "INVALID": 0.04763038818766373,
        "MALICIOUS": 0.0,
        "SANE": 0.0,
        "VALID": 0.0,
        "total": 100.0
    }
}