{
    "counter": {
        "ACTIVE": 4753,
        "INACTIVE": 84,
        "INVALID": 2,
        "MALICIOUS": 0,
        "SANE": 0,
        "VALID": 0,
        "total": 4839
    },
    "percentage": {
        "ACTIVE": 98.22277330026866,
        "INACTIVE": 1.735895846249225,
        "INVALID": 0.041330853482124404,
        "MALICIOUS": 0.0,
        "SANE": 0.0,
        "VALID": 0.0,
        "total": 100.0
    }
}