{
    "counter": {
        "ACTIVE": 2668,
        "INACTIVE": 52,
        "INVALID": 1,
        "MALICIOUS": 0,
        "SANE": 0,
        "VALID": 0,
        "total": 2721
    },
    "percentage": {
        "ACTIVE": 98.05218669606762,
        "INACTIVE": 1.9637462235649548,
        "INVALID": 0.05512679162072767,
        "MALICIOUS": 0,
        "SANE": 0,
        "VALID": 0,
        "total": 100.0710597112533
    }
}