{
    "counter": {
        "ACTIVE": 2553,
        "INACTIVE": 51,
        "INVALID": 1,
        "MALICIOUS": 0,
        "SANE": 0,
        "VALID": 0,
        "total": 2605
    },
    "percentage": {
        "ACTIVE": 98.0038387715931,
        "INACTIVE": 2.075702075702076,
        "INVALID": 0.05512679162072767,
        "MALICIOUS": 0,
        "SANE": 0,
        "VALID": 0,
        "total": 100.1346676389159
    }
}