{
    "counter": {
        "ACTIVE": 3853,
        "INACTIVE": 59,
        "INVALID": 2,
        "MALICIOUS": 0,
        "SANE": 0,
        "VALID": 0,
        "total": 3914
    },
    "percentage": {
        "ACTIVE": 98.44149207971385,
        "INACTIVE": 1.5074092999489013,
        "INVALID": 0.05109862033725089,
        "MALICIOUS": 0.0,
        "SANE": 0.0,
        "VALID": 0.0,
        "total": 100.00000000000001
    }
}