{
    "counter": {
        "ACTIVE": 3786,
        "INACTIVE": 59,
        "INVALID": 2,
        "MALICIOUS": 0,
        "SANE": 0,
        "VALID": 0,
        "total": 3847
    },
    "percentage": {
        "ACTIVE": 98.41434884325449,
        "INACTIVE": 1.6151108677799069,
        "INVALID": 0.054914881933003847,
        "MALICIOUS": 0.0,
        "SANE": 0.0,
        "VALID": 0.0,
        "total": 100.0843745929674
    }
}