{
    "counter": {
        "ACTIVE": 15148,
        "INACTIVE": 323,
        "INVALID": 0,
        "MALICIOUS": 0,
        "SANE": 0,
        "VALID": 0,
        "total": 15471
    },
    "percentage": {
        "ACTIVE": 97.91222286859285,
        "INACTIVE": 2.127239199157007,
        "INVALID": 0,
        "MALICIOUS": 0,
        "SANE": 0,
        "VALID": 0,
        "total": 100.03946206774985
    }
}