{
    "counter": {
        "ACTIVE": 4116,
        "INACTIVE": 59,
        "INVALID": 2,
        "MALICIOUS": 0,
        "SANE": 0,
        "VALID": 0,
        "total": 4177
    },
    "percentage": {
        "ACTIVE": 98.53962173808954,
        "INACTIVE": 1.4124970074215943,
        "INVALID": 0.04788125448886761,
        "MALICIOUS": 0.0,
        "SANE": 0.0,
        "VALID": 0.0,
        "total": 100.0
    }
}