{
    "counter": {
        "ACTIVE": 2595,
        "INACTIVE": 52,
        "INVALID": 1,
        "MALICIOUS": 0,
        "SANE": 0,
        "VALID": 0,
        "total": 2648
    },
    "percentage": {
        "ACTIVE": 98.03551190026445,
        "INACTIVE": 1.9637462235649548,
        "INVALID": 0.05512679162072767,
        "MALICIOUS": 0,
        "SANE": 0,
        "VALID": 0,
        "total": 100.05438491545013
    }
}