{
    "counter": {
        "ACTIVE": 4683,
        "INACTIVE": 83,
        "INVALID": 2,
        "MALICIOUS": 0,
        "SANE": 0,
        "VALID": 0,
        "total": 4768
    },
    "percentage": {
        "ACTIVE": 98.21728187919463,
        "INACTIVE": 1.7407718120805369,
        "INVALID": 0.04194630872483222,
        "MALICIOUS": 0.0,
        "SANE": 0.0,
        "VALID": 0.0,
        "total": 100.0
    }
}