{
    "counter": {
        "ACTIVE": 2169,
        "INACTIVE": 31,
        "INVALID": 1,
        "MALICIOUS": 0,
        "SANE": 0,
        "VALID": 0,
        "total": 2201
    },
    "percentage": {
        "ACTIVE": 98.54611540208995,
        "INACTIVE": 1.4691943127962086,
        "INVALID": 0.05512679162072767,
        "MALICIOUS": 0,
        "SANE": 0,
        "VALID": 0,
        "total": 100.07043650650688
    }
}