{
    "counter": {
        "ACTIVE": 15189,
        "INACTIVE": 319,
        "INVALID": 0,
        "MALICIOUS": 0,
        "SANE": 0,
        "VALID": 0,
        "total": 15508
    },
    "percentage": {
        "ACTIVE": 97.94299716275471,
        "INACTIVE": 2.0773638968481376,
        "INVALID": 0,
        "MALICIOUS": 0,
        "SANE": 0,
        "VALID": 0,
        "total": 100.02036105960285
    }
}