{
    "counter": {
        "ACTIVE": 1763,
        "INACTIVE": 24,
        "INVALID": 0,
        "MALICIOUS": 0,
        "SANE": 0,
        "VALID": 0,
        "total": 1787
    },
    "percentage": {
        "ACTIVE": 98.65696698377168,
        "INACTIVE": 1.5493867010974822,
        "INVALID": 0,
        "MALICIOUS": 0,
        "SANE": 0,
        "VALID": 0,
        "total": 100.20635368486916
    }
}