{
    "counter": {
        "ACTIVE": 3575,
        "INACTIVE": 58,
        "INVALID": 2,
        "MALICIOUS": 0,
        "SANE": 0,
        "VALID": 0,
        "total": 3635
    },
    "percentage": {
        "ACTIVE": 98.34938101788171,
        "INACTIVE": 1.595598349381018,
        "INVALID": 0.055020632737276476,
        "MALICIOUS": 0.0,
        "SANE": 0.0,
        "VALID": 0.0,
        "total": 100.00000000000001
    }
}