{
    "counter": {
        "ACTIVE": 1807,
        "INACTIVE": 25,
        "INVALID": 1,
        "MALICIOUS": 0,
        "SANE": 0,
        "VALID": 0,
        "total": 1833
    },
    "percentage": {
        "ACTIVE": 98.58156028368795,
        "INACTIVE": 1.3789299503585217,
        "INVALID": 0.05512679162072767,
        "MALICIOUS": 0,
        "SANE": 0,
        "VALID": 0,
        "total": 100.0156170256672
    }
}