{
    "counter": {
        "ACTIVE": 3372,
        "INACTIVE": 56,
        "INVALID": 2,
        "MALICIOUS": 0,
        "SANE": 0,
        "VALID": 0,
        "total": 3430
    },
    "percentage": {
        "ACTIVE": 98.30903790087464,
        "INACTIVE": 1.6326530612244898,
        "INVALID": 0.05830903790087463,
        "MALICIOUS": 0.0,
        "SANE": 0.0,
        "VALID": 0.0,
        "total": 100.0
    }
}