{
    "counter": {
        "ACTIVE": 3804,
        "INACTIVE": 59,
        "INVALID": 2,
        "MALICIOUS": 0,
        "SANE": 0,
        "VALID": 0,
        "total": 3865
    },
    "percentage": {
        "ACTIVE": 98.42173350582148,
        "INACTIVE": 1.6151108677799069,
        "INVALID": 0.054914881933003847,
        "MALICIOUS": 0.0,
        "SANE": 0.0,
        "VALID": 0.0,
        "total": 100.09175925553438
    }
}