{
    "counter": {
        "ACTIVE": 2140,
        "INACTIVE": 31,
        "INVALID": 1,
        "MALICIOUS": 0,
        "SANE": 0,
        "VALID": 0,
        "total": 2172
    },
    "percentage": {
        "ACTIVE": 98.52670349907919,
        "INACTIVE": 1.4691943127962086,
        "INVALID": 0.05512679162072767,
        "MALICIOUS": 0,
        "SANE": 0,
        "VALID": 0,
        "total": 100.05102460349612
    }
}