{
    "counter": {
        "ACTIVE": 4268,
        "INACTIVE": 63,
        "INVALID": 2,
        "MALICIOUS": 0,
        "SANE": 0,
        "VALID": 0,
        "total": 4333
    },
    "percentage": {
        "ACTIVE": 98.49988460650819,
        "INACTIVE": 1.4539579967689822,
        "INVALID": 0.04615739672282483,
        "MALICIOUS": 0.0,
        "SANE": 0.0,
        "VALID": 0.0,
        "total": 99.99999999999999
    }
}