{
    "counter": {
        "ACTIVE": 1925,
        "INACTIVE": 25,
        "INVALID": 1,
        "MALICIOUS": 0,
        "SANE": 0,
        "VALID": 0,
        "total": 1951
    },
    "percentage": {
        "ACTIVE": 98.66735007688365,
        "INACTIVE": 1.3789299503585217,
        "INVALID": 0.05512679162072767,
        "MALICIOUS": 0,
        "SANE": 0,
        "VALID": 0,
        "total": 100.1014068188629
    }
}