{
    "counter": {
        "ACTIVE": 3393,
        "INACTIVE": 56,
        "INVALID": 2,
        "MALICIOUS": 0,
        "SANE": 0,
        "VALID": 0,
        "total": 3451
    },
    "percentage": {
        "ACTIVE": 98.31932773109244,
        "INACTIVE": 1.6227180527383367,
        "INVALID": 0.05795421616922631,
        "MALICIOUS": 0.0,
        "SANE": 0.0,
        "VALID": 0.0,
        "total": 99.99999999999999
    }
}