{
    "counter": {
        "ACTIVE": 13932,
        "INACTIVE": 290,
        "INVALID": 0,
        "MALICIOUS": 0,
        "SANE": 0,
        "VALID": 0,
        "total": 14222
    },
    "percentage": {
        "ACTIVE": 97.96090563915061,
        "INACTIVE": 2.047155160242835,
        "INVALID": 0,
        "MALICIOUS": 0,
        "SANE": 0,
        "VALID": 0,
        "total": 100.00806079939345
    }
}