{
    "counter": {
        "ACTIVE": 4678,
        "INACTIVE": 83,
        "INVALID": 2,
        "MALICIOUS": 0,
        "SANE": 0,
        "VALID": 0,
        "total": 4763
    },
    "percentage": {
        "ACTIVE": 98.21541045559522,
        "INACTIVE": 1.7425992021834977,
        "INVALID": 0.041990342221289105,
        "MALICIOUS": 0.0,
        "SANE": 0.0,
        "VALID": 0.0,
        "total": 100.0
    }
}