{
    "counter": {
        "ACTIVE": 1999,
        "INACTIVE": 26,
        "INVALID": 1,
        "MALICIOUS": 0,
        "SANE": 0,
        "VALID": 0,
        "total": 2026
    },
    "percentage": {
        "ACTIVE": 98.66732477788746,
        "INACTIVE": 1.310483870967742,
        "INVALID": 0.05512679162072767,
        "MALICIOUS": 0,
        "SANE": 0,
        "VALID": 0,
        "total": 100.03293544047592
    }
}