{
    "counter": {
        "ACTIVE": 4225,
        "INACTIVE": 62,
        "INVALID": 2,
        "MALICIOUS": 0,
        "SANE": 0,
        "VALID": 0,
        "total": 4289
    },
    "percentage": {
        "ACTIVE": 98.50781067847983,
        "INACTIVE": 1.4455584052226627,
        "INVALID": 0.046630916297505244,
        "MALICIOUS": 0.0,
        "SANE": 0.0,
        "VALID": 0.0,
        "total": 99.99999999999999
    }
}