{
    "counter": {
        "ACTIVE": 2986,
        "INACTIVE": 54,
        "INVALID": 1,
        "MALICIOUS": 0,
        "SANE": 0,
        "VALID": 0,
        "total": 3041
    },
    "percentage": {
        "ACTIVE": 98.19138441302204,
        "INACTIVE": 1.924447612259444,
        "INVALID": 0.05512679162072767,
        "MALICIOUS": 0,
        "SANE": 0,
        "VALID": 0,
        "total": 100.1709588169022
    }
}