{
    "counter": {
        "ACTIVE": 4554,
        "INACTIVE": 76,
        "INVALID": 2,
        "MALICIOUS": 0,
        "SANE": 0,
        "VALID": 0,
        "total": 4632
    },
    "percentage": {
        "ACTIVE": 98.3160621761658,
        "INACTIVE": 1.6407599309153713,
        "INVALID": 0.04317789291882556,
        "MALICIOUS": 0.0,
        "SANE": 0.0,
        "VALID": 0.0,
        "total": 99.99999999999999
    }
}