{
    "counter": {
        "ACTIVE": 4078,
        "INACTIVE": 59,
        "INVALID": 2,
        "MALICIOUS": 0,
        "SANE": 0,
        "VALID": 0,
        "total": 4139
    },
    "percentage": {
        "ACTIVE": 98.52621406136748,
        "INACTIVE": 1.4254650881855522,
        "INVALID": 0.048320850446967864,
        "MALICIOUS": 0.0,
        "SANE": 0.0,
        "VALID": 0.0,
        "total": 100.0
    }
}