{
    "counter": {
        "ACTIVE": 1796,
        "INACTIVE": 19,
        "INVALID": 0,
        "MALICIOUS": 0,
        "SANE": 0,
        "VALID": 0,
        "total": 1815
    },
    "percentage": {
        "ACTIVE": 98.95316804407713,
        "INACTIVE": 1.0620458356623812,
        "INVALID": 0,
        "MALICIOUS": 0,
        "SANE": 0,
        "VALID": 0,
        "total": 100.0152138797395
    }
}