{
    "counter": {
        "ACTIVE": 2654,
        "INACTIVE": 52,
        "INVALID": 1,
        "MALICIOUS": 0,
        "SANE": 0,
        "VALID": 0,
        "total": 2707
    },
    "percentage": {
        "ACTIVE": 98.04211304026597,
        "INACTIVE": 1.9637462235649548,
        "INVALID": 0.05512679162072767,
        "MALICIOUS": 0,
        "SANE": 0,
        "VALID": 0,
        "total": 100.06098605545165
    }
}