{
    "counter": {
        "ACTIVE": 2405,
        "INACTIVE": 50,
        "INVALID": 1,
        "MALICIOUS": 0,
        "SANE": 0,
        "VALID": 0,
        "total": 2456
    },
    "percentage": {
        "ACTIVE": 97.92345276872965,
        "INACTIVE": 2.046663937781416,
        "INVALID": 0.05512679162072767,
        "MALICIOUS": 0,
        "SANE": 0,
        "VALID": 0,
        "total": 100.02524349813179
    }
}