{
    "counter": {
        "ACTIVE": 3580,
        "INACTIVE": 58,
        "INVALID": 2,
        "MALICIOUS": 0,
        "SANE": 0,
        "VALID": 0,
        "total": 3640
    },
    "percentage": {
        "ACTIVE": 98.35164835164835,
        "INACTIVE": 1.5934065934065933,
        "INVALID": 0.054945054945054944,
        "MALICIOUS": 0.0,
        "SANE": 0.0,
        "VALID": 0.0,
        "total": 100.0
    }
}