{
    "counter": {
        "ACTIVE": 4000,
        "INACTIVE": 59,
        "INVALID": 2,
        "MALICIOUS": 0,
        "SANE": 0,
        "VALID": 0,
        "total": 4061
    },
    "percentage": {
        "ACTIVE": 98.49790691947796,
        "INACTIVE": 1.4528441270622998,
        "INVALID": 0.04924895345973898,
        "MALICIOUS": 0.0,
        "SANE": 0.0,
        "VALID": 0.0,
        "total": 100.0
    }
}