{
    "counter": {
        "ACTIVE": 3918,
        "INACTIVE": 59,
        "INVALID": 2,
        "MALICIOUS": 0,
        "SANE": 0,
        "VALID": 0,
        "total": 3979
    },
    "percentage": {
        "ACTIVE": 98.46695149535059,
        "INACTIVE": 1.482784619251068,
        "INVALID": 0.05026388539834129,
        "MALICIOUS": 0.0,
        "SANE": 0.0,
        "VALID": 0.0,
        "total": 99.99999999999999
    }
}