{
    "counter": {
        "Amazon Registrar, Inc.": 2,
        "Danesco Trading Ltd.": 6,
        "Gandi SAS": 1,
        "GoDaddy.com, LLC": 1,
        "Name.com, Inc.": 1,
        "NameCheap, Inc.": 6,
        "URL Solutions, Inc.": 5,
        "eNom, LLC": 8,
        "total": 30
    },
    "percentage": {
        "Amazon Registrar, Inc.": 6.666666666666667,
        "Danesco Trading Ltd.": 20.0,
        "Gandi SAS": 3.3333333333333335,
        "GoDaddy.com, LLC": 3.3333333333333335,
        "Name.com, Inc.": 3.3333333333333335,
        "NameCheap, Inc.": 20.0,
        "URL Solutions, Inc.": 16.666666666666668,
        "eNom, LLC": 26.666666666666668,
        "total": 100.0
    }
}