{
    "counter": {
        "Above.com Pty Ltd.": 1,
        "Alibaba Cloud Computing (Beijing) Co., Ltd.": 1,
        "Amazon Registrar, Inc.": 12,
        "CNOBIN INFORMATION TECHNOLOGY LIMITED": 1,
        "CloudFlare, Inc.": 1,
        "DOMAINCONTEXT, INC.": 1,
        "DYNADOT, LLC": 1,
        "Danesco Trading Ltd.": 61,
        "EuroDNS S.A.": 1,
        "GMO Internet, Inc. d/b/a Onamae.com": 1,
        "Gandi SAS": 2,
        "GoDaddy.com, LLC": 16,
        "INTERNET INVEST, LTD. DBA IMENA.UA": 1,
        "Instra Corporation Pty Ltd.": 1,
        "MarkMonitor Inc.": 3,
        "Mesh Digital Limited": 1,
        "Name.com, Inc.": 2,
        "NameCheap, Inc.": 29,
        "NameSilo, LLC": 2,
        "Namecheap": 1,
        "OVH sas": 1,
        "Porkbun LLC": 1,
        "Tucows Domains Inc.": 1,
        "URL Solutions Inc.": 7,
        "URL Solutions, Inc.": 16,
        "eNom, LLC": 25,
        "total": 188
    },
    "percentage": {
        "Above.com Pty Ltd.": 0.5319148936170213,
        "Alibaba Cloud Computing (Beijing) Co., Ltd.": 0.5319148936170213,
        "Amazon Registrar, Inc.": 6.382978723404255,
        "CNOBIN INFORMATION TECHNOLOGY LIMITED": 0.5319148936170213,
        "CloudFlare, Inc.": 0.5319148936170213,
        "DOMAINCONTEXT, INC.": 0.5319148936170213,
        "DYNADOT, LLC": 0.5319148936170213,
        "Danesco Trading Ltd.": 32.4468085106383,
        "EuroDNS S.A.": 0.5319148936170213,
        "GMO Internet, Inc. d/b/a Onamae.com": 0.5319148936170213,
        "Gandi SAS": 1.0638297872340425,
        "GoDaddy.com, LLC": 8.51063829787234,
        "INTERNET INVEST, LTD. DBA IMENA.UA": 0.5319148936170213,
        "Instra Corporation Pty Ltd.": 0.5319148936170213,
        "MarkMonitor Inc.": 1.5957446808510638,
        "Mesh Digital Limited": 0.5319148936170213,
        "Name.com, Inc.": 1.0638297872340425,
        "NameCheap, Inc.": 15.425531914893616,
        "NameSilo, LLC": 1.0638297872340425,
        "OVH sas": 0.5319148936170213,
        "Porkbun LLC": 0.5319148936170213,
        "Tucows Domains Inc.": 0.5319148936170213,
        "URL Solutions Inc.": 3.723404255319149,
        "URL Solutions, Inc.": 8.51063829787234,
        "eNom, LLC": 13.297872340425531,
        "total": 100.53191489361703
    }
}