{
    "counter": {
        "Above.com Pty Ltd.": 1,
        "Alibaba Cloud Computing (Beijing) Co., Ltd.": 1,
        "Amazon Registrar, Inc.": 12,
        "CNOBIN INFORMATION TECHNOLOGY LIMITED": 1,
        "CloudFlare, Inc.": 1,
        "DOMAINCONTEXT, INC.": 1,
        "DYNADOT, LLC": 1,
        "Danesco Trading Ltd.": 58,
        "EuroDNS S.A.": 1,
        "GMO Internet, Inc. d/b/a Onamae.com": 1,
        "Gandi SAS": 2,
        "GoDaddy.com, LLC": 16,
        "INTERNET INVEST, LTD. DBA IMENA.UA": 1,
        "Instra Corporation Pty Ltd.": 1,
        "MarkMonitor Inc.": 3,
        "Mesh Digital Limited": 1,
        "Name.com, Inc.": 2,
        "NameCheap, Inc.": 29,
        "NameSilo, LLC": 2,
        "Namecheap": 1,
        "OVH sas": 1,
        "Porkbun LLC": 1,
        "Tucows Domains Inc.": 1,
        "URL Solutions Inc.": 7,
        "URL Solutions, Inc.": 16,
        "eNom, LLC": 25,
        "total": 185
    },
    "percentage": {
        "Above.com Pty Ltd.": 0.5405405405405406,
        "Alibaba Cloud Computing (Beijing) Co., Ltd.": 0.5405405405405406,
        "Amazon Registrar, Inc.": 6.486486486486487,
        "CNOBIN INFORMATION TECHNOLOGY LIMITED": 0.5405405405405406,
        "CloudFlare, Inc.": 0.5405405405405406,
        "DOMAINCONTEXT, INC.": 0.5405405405405406,
        "DYNADOT, LLC": 0.5405405405405406,
        "Danesco Trading Ltd.": 31.35135135135135,
        "EuroDNS S.A.": 0.5405405405405406,
        "GMO Internet, Inc. d/b/a Onamae.com": 0.5405405405405406,
        "Gandi SAS": 1.0810810810810811,
        "GoDaddy.com, LLC": 8.64864864864865,
        "INTERNET INVEST, LTD. DBA IMENA.UA": 0.5405405405405406,
        "Instra Corporation Pty Ltd.": 0.5405405405405406,
        "MarkMonitor Inc.": 1.6216216216216217,
        "Mesh Digital Limited": 0.5405405405405406,
        "Name.com, Inc.": 1.0810810810810811,
        "NameCheap, Inc.": 15.675675675675675,
        "NameSilo, LLC": 1.0810810810810811,
        "OVH sas": 0.5405405405405406,
        "Porkbun LLC": 0.5405405405405406,
        "Tucows Domains Inc.": 0.5405405405405406,
        "URL Solutions Inc.": 3.7837837837837838,
        "URL Solutions, Inc.": 8.64864864864865,
        "eNom, LLC": 13.513513513513514,
        "total": 100.54054054054056
    }
}