{
    "counter": {
        "Above.com Pty Ltd.": 1,
        "Alibaba Cloud Computing (Beijing) Co., Ltd.": 1,
        "Amazon Registrar, Inc.": 12,
        "CNOBIN INFORMATION TECHNOLOGY LIMITED": 1,
        "Chengdu West Dimension Digital Technology Co., Ltd.": 1,
        "CloudFlare, Inc.": 1,
        "DOMAINCONTEXT, INC.": 1,
        "DYNADOT, LLC": 1,
        "Danesco Trading Ltd.": 63,
        "EuroDNS S.A.": 1,
        "GMO Internet, Inc. d/b/a Onamae.com": 1,
        "Gandi SAS": 2,
        "GoDaddy.com, LLC": 17,
        "INTERNET INVEST, LTD. DBA IMENA.UA": 1,
        "Instra Corporation Pty Ltd.": 1,
        "MarkMonitor Inc.": 3,
        "Mesh Digital Limited": 1,
        "Name.com, Inc.": 2,
        "NameCheap, Inc.": 32,
        "NameSilo, LLC": 2,
        "Namecheap": 1,
        "OVH sas": 1,
        "Porkbun LLC": 1,
        "Tucows Domains Inc.": 1,
        "URL Solutions Inc.": 8,
        "URL Solutions, Inc.": 48,
        "eNom, LLC": 25,
        "total": 228
    },
    "percentage": {
        "Above.com Pty Ltd.": 0.43859649122807015,
        "Alibaba Cloud Computing (Beijing) Co., Ltd.": 0.43859649122807015,
        "Amazon Registrar, Inc.": 5.2631578947368425,
        "CNOBIN INFORMATION TECHNOLOGY LIMITED": 0.43859649122807015,
        "Chengdu West Dimension Digital Technology Co., Ltd.": 0.43859649122807015,
        "CloudFlare, Inc.": 0.43859649122807015,
        "DOMAINCONTEXT, INC.": 0.43859649122807015,
        "DYNADOT, LLC": 0.43859649122807015,
        "Danesco Trading Ltd.": 27.63157894736842,
        "EuroDNS S.A.": 0.43859649122807015,
        "GMO Internet, Inc. d/b/a Onamae.com": 0.43859649122807015,
        "Gandi SAS": 0.8771929824561403,
        "GoDaddy.com, LLC": 7.456140350877193,
        "INTERNET INVEST, LTD. DBA IMENA.UA": 0.43859649122807015,
        "Instra Corporation Pty Ltd.": 0.43859649122807015,
        "MarkMonitor Inc.": 1.3157894736842106,
        "Mesh Digital Limited": 0.43859649122807015,
        "Name.com, Inc.": 0.8771929824561403,
        "NameCheap, Inc.": 14.035087719298245,
        "NameSilo, LLC": 0.8771929824561403,
        "OVH sas": 0.43859649122807015,
        "Porkbun LLC": 0.43859649122807015,
        "Tucows Domains Inc.": 0.43859649122807015,
        "URL Solutions Inc.": 3.508771929824561,
        "URL Solutions, Inc.": 21.05263157894737,
        "eNom, LLC": 10.964912280701755,
        "total": 100.43859649122805
    }
}