{
    "counter": {
        "Above.com Pty Ltd.": 1,
        "Alibaba Cloud Computing (Beijing) Co., Ltd.": 1,
        "Amazon Registrar, Inc.": 12,
        "CNOBIN INFORMATION TECHNOLOGY LIMITED": 1,
        "Chengdu West Dimension Digital Technology Co., Ltd.": 1,
        "CloudFlare, Inc.": 1,
        "DOMAINCONTEXT, INC.": 1,
        "DYNADOT, LLC": 1,
        "Danesco Trading Ltd.": 63,
        "EuroDNS S.A.": 1,
        "GMO Internet, Inc. d/b/a Onamae.com": 1,
        "Gandi SAS": 2,
        "GoDaddy.com, LLC": 17,
        "INTERNET INVEST, LTD. DBA IMENA.UA": 1,
        "Instra Corporation Pty Ltd.": 1,
        "MarkMonitor Inc.": 3,
        "Mesh Digital Limited": 1,
        "Name.com, Inc.": 2,
        "NameCheap, Inc.": 32,
        "NameSilo, LLC": 2,
        "Namecheap": 1,
        "OVH sas": 1,
        "Porkbun LLC": 1,
        "Tucows Domains Inc.": 1,
        "URL Solutions Inc.": 8,
        "URL Solutions, Inc.": 40,
        "eNom, LLC": 25,
        "total": 220
    },
    "percentage": {
        "Above.com Pty Ltd.": 0.45454545454545453,
        "Alibaba Cloud Computing (Beijing) Co., Ltd.": 0.45454545454545453,
        "Amazon Registrar, Inc.": 5.454545454545454,
        "CNOBIN INFORMATION TECHNOLOGY LIMITED": 0.45454545454545453,
        "Chengdu West Dimension Digital Technology Co., Ltd.": 0.45454545454545453,
        "CloudFlare, Inc.": 0.45454545454545453,
        "DOMAINCONTEXT, INC.": 0.45454545454545453,
        "DYNADOT, LLC": 0.45454545454545453,
        "Danesco Trading Ltd.": 28.636363636363637,
        "EuroDNS S.A.": 0.45454545454545453,
        "GMO Internet, Inc. d/b/a Onamae.com": 0.45454545454545453,
        "Gandi SAS": 0.9090909090909091,
        "GoDaddy.com, LLC": 7.7272727272727275,
        "INTERNET INVEST, LTD. DBA IMENA.UA": 0.45454545454545453,
        "Instra Corporation Pty Ltd.": 0.45454545454545453,
        "MarkMonitor Inc.": 1.3636363636363635,
        "Mesh Digital Limited": 0.45454545454545453,
        "Name.com, Inc.": 0.9090909090909091,
        "NameCheap, Inc.": 14.545454545454545,
        "NameSilo, LLC": 0.9090909090909091,
        "OVH sas": 0.45454545454545453,
        "Porkbun LLC": 0.45454545454545453,
        "Tucows Domains Inc.": 0.45454545454545453,
        "URL Solutions Inc.": 3.6363636363636362,
        "URL Solutions, Inc.": 18.181818181818183,
        "eNom, LLC": 11.363636363636363,
        "total": 100.45454545454544
    }
}